country,wp_intervention,outcome,mean,se,lb,ub,hhs,villages
Malawi,DSW,disctcr_02,0.2771513353115696,0.025912907688826703,0.22636296950675822,0.327939701116381,1702,77
Malawi,ILC,disctcr_02,0.2709551656920078,0.04753844666285178,0.17778152235184003,0.36412880903217554,524,29
Uganda,DSW,disctcr_02,0.3399390243902409,0.027370687027846376,0.28629346358354435,0.3935845851969374,1499,60
Malawi,DSW,discfcr_02,0.22419928825622717,0.022805008711983266,0.17950229251361782,0.2688962839988365,1702,77
Malawi,ILC,discfcr_02,0.1442495126705653,0.03214409781290898,0.08124823864173099,0.20725078669939961,524,29
Uganda,DSW,discfcr_02,0.22654462242562867,0.021849693074969666,0.1837200109254339,0.26936923392582346,1499,60
