country,wp_intervention,outcome,mean,se,lb,ub,hhs,villages
Malawi,DSW,disctcr_02,0.26555023923444904,0.02806998714991677,0.21053407537411006,0.320566403094788,1279,76
Malawi,ILC,disctcr_02,0.28912466843501294,0.05005633287232693,0.19101605880710382,0.38723327806292207,389,29
Uganda,DSW,disctcr_02,0.3009211873080867,0.028587251371309644,0.24489120420332655,0.35695117041284685,1121,60
Malawi,DSW,discfcr_02,0.20876494023904274,0.024674053791397223,0.16040468345530023,0.25712519702278525,1279,76
Malawi,ILC,discfcr_02,0.13793103448275873,0.029355949329066145,0.08039443106580635,0.1954676378997111,389,29
Uganda,DSW,discfcr_02,0.19364754098360581,0.024117005533252783,0.14637907872347716,0.24091600324373447,1121,60
