country,sample_group,wp_intervention,outcome,villages,weight,total,se,lb,ub,households,hhs,pop
Malawi,Footprint,DSW,users_increased,27,41.464285714285715,239348.116455808,34604.06996496039,171525.38560598146,307170.8473056345,46.333333333333336,NA,NA
Malawi,Expansion,DSW,users_increased,28,171.75,1752944.5000503256,301860.50187241944,1161308.788025198,2344580.2120754533,76.46428571428571,NA,NA
Malawi,ILC,DSW,users_increased,24,13.270833333333334,95706.12953143449,17158.30767061177,62076.46446137808,129335.7946014909,70.54166666666667,NA,NA
Malawi,ILC,ILC,users_increased,30,13.270833333333334,77023.59421447835,13048.273352039281,51449.44838404764,102597.74004490906,42.13333333333333,NA,NA
Uganda,Footprint,DSW,users_increased,30,105.76666666666667,907708.2034637072,127724.19916227998,657373.3731514176,1158043.0337759969,49.3,NA,NA
Uganda,Expansion,DSW,users_increased,30,133.73333333333332,2891317.806237682,381160.97538399725,2144256.022172889,3638379.5903024743,115.36666666666666,NA,NA
Malawi,NA,DSW,users_increased,79,NA,2087998.7460375682,385016.0494234823,1333381.1556976498,2842616.3363774866,NA,5085,6607
Malawi,NA,ILC,users_increased,30,NA,77023.59421447835,13048.273352039281,51449.44838404764,102597.74004490906,NA,1264,637
Uganda,NA,DSW,users_increased,60,NA,3799026.0097013894,474919.1251086154,2868201.6289192317,4729850.390483547,NA,4940,7185
