country,sample_group,wp_intervention,outcome,total,se,lb,ub,villages,hhs,wps
Malawi,Footprint,DSW,hh_members_increased,425597.54030758684,58434.459613331215,311068.1040093973,540126.9766057763,26,1334,50
Malawi,Expansion,DSW,hh_members_increased,1428695.3102820385,241093.59215711895,956160.5527506971,1901230.06781338,28,2177,82
Malawi,ILC,DSW,hh_members_increased,121392.96962821065,21941.645590022654,78388.13451022415,164397.80474619713,24,1717,63
Malawi,ILC,ILC,hh_members_increased,71347.59335217171,12642.24034149767,46569.25759893692,96125.9291054065,29,1229,136
Uganda,Footprint,DSW,hh_members_increased,1093966.8986987898,138771.785579057,821979.1968935232,1365954.6005040563,30,1969,57
Uganda,Expansion,DSW,hh_members_increased,2451376.2375397747,292856.13076119137,1877388.7685960871,3025363.7064834624,30,4076,118
Malawi,NA,DSW,hh_members_increased,1975685.820217836,249042.45031866236,1487571.5869716522,2463800.0534640197,78,5228,194
Malawi,NA,ILC,hh_members_increased,71347.59335217171,12642.24034149767,46569.25759893692,96125.9291054065,29,1229,136
Uganda,NA,DSW,hh_members_increased,3545343.1362385643,324071.47637090157,2910174.7141348743,4180511.5583422543,60,6045,175
