country,sample_group,wp_intervention,outcome,total,se,lb,ub,villages,hhs,wps
Malawi,Expansion,DSW,hh_members_increased,1410458.7728365657,238016.16039851346,943955.6707169709,1876961.8749561606,28,2177,82
Malawi,Footprint,DSW,hh_members_increased,436524.1072052857,61346.96102911169,316286.27302724455,556761.9413833268,26,1312,50
Malawi,ILC,DSW,hh_members_increased,122950.68407597778,22349.132600471938,79147.18909334281,166754.17905861276,24,1708,62
Malawi,ILC,ILC,hh_members_increased,72421.10275104431,12465.53344237565,47989.10615590844,96853.09934618018,31,1267,140
Uganda,Expansion,DSW,hh_members_increased,2451712.276721969,301200.6259711706,1861369.897697555,3042054.6557463827,30,4024,117
Uganda,Footprint,DSW,hh_members_increased,1086993.8807686423,137887.24496800874,816739.8467038935,1357247.914833391,30,1969,57
Malawi,NA,DSW,hh_members_increased,1969933.5641178119,246808.88550931815,1486197.0374550787,2453670.090780545,78,5197,193
Malawi,NA,ILC,hh_members_increased,72421.10275104431,12465.53344237565,47989.10615590844,96853.09934618018,31,1267,140
Uganda,NA,DSW,hh_members_increased,3538706.1574905813,331262.2969948326,2889443.9859446986,4187968.329036464,60,5993,174
