country,sample_group,wp_intervention,outcome,total,se,lb,ub,villages,hhs,wps
Malawi,Expansion,DSW,hh_members_increased,1410458.7728365778,238016.16039851346,943955.6707169829,1876961.874956173,28,2177,82
Malawi,Footprint,DSW,hh_members_increased,436524.1072052846,61346.96102911169,316286.27302724344,556761.9413833257,26,1312,50
Malawi,ILC,DSW,hh_members_increased,122979.79171898823,22354.423588303496,79165.92659076075,166793.65684721572,24,1708,62
Malawi,ILC,ILC,hh_members_increased,71375.5350899746,12285.564370513672,47296.271394019306,95454.79878592989,31,1267,140
Uganda,Expansion,DSW,hh_members_increased,2451712.276721975,301200.6259711706,1861369.897697561,3042054.6557463887,30,4024,117
Uganda,Footprint,DSW,hh_members_increased,1086993.880768639,137887.24496800874,816739.8467038902,1357247.9148333878,30,1969,57
Malawi,NA,DSW,hh_members_increased,1969962.6717608508,246809.36467711985,1486225.2059464839,2453700.137575218,78,5197,193
Malawi,NA,ILC,hh_members_increased,71375.5350899746,12285.564370513672,47296.271394019306,95454.79878592989,31,1267,140
Uganda,NA,DSW,hh_members_increased,3538706.157490614,331262.2969948326,2889443.985944731,4187968.3290364966,60,5993,174
